,NH3,ALCOHOL,CO2,NH4,TEMPERATURE,HUMIDITY,Type,Class,type
1,0.59,0,0.14,0.35,30,18,A,1,0
2,0.58,0,0.13,0.35,30,18,A,1,0
3,0.58,0,0.17,0.36,29,16,A,1,0
4,0.59,0,0.18,0.4,29,16,A,1,0
5,0.59,0,0.15,0.34,30,16,A,1,0
6,0.57,0,0.15,0.35,30,16,A,1,0
7,0.59,0,0.16,0.36,30,16,A,1,0
8,0.59,0,0.17,0.38,30,16,A,1,0
9,0.6,0,0.16,0.36,30,16,A,1,0
10,0.62,0,0.16,0.36,30,16,A,1,0
11,0.57,0,0.15,0.35,30,16,A,1,0
12,0.57,0,0.15,0.34,30,16,A,1,0
13,0.59,0,0.16,0.36,30,16,A,1,0
14,0.59,0,0.15,0.34,30,16,A,1,0
15,0.58,0,0.16,0.35,30,16,A,1,0
16,0.61,0,0.14,0.33,30,16,A,1,0
17,0.59,0,0.14,0.33,30,16,A,1,0
18,0.61,0,0.15,0.33,30,16,A,1,0
19,0.59,0,0.14,0.33,30,16,A,1,0
20,0.61,0,0.15,0.33,30,16,A,1,0
21,0.59,0,0.14,0.33,30,16,A,1,0
22,0.59,0,0.14,0.33,30,16,A,1,0
23,0.59,0,0.14,0.33,30,16,A,1,0
24,0.62,0,0.15,0.33,30,16,A,1,0
25,0.58,0,0.14,0.33,30,16,A,1,0
26,0.61,0,0.15,0.33,30,16,A,1,0
27,0.58,0,0.15,0.34,30,16,A,1,0
28,0.61,0,0.15,0.34,30,16,A,1,0
29,0.62,0,0.14,0.35,30,16,A,1,0
30,0.62,0,0.15,0.34,30,16,A,1,0
31,0.59,0,0.14,0.33,30,16,A,1,0
32,0.59,0,0.14,0.33,30,16,A,1,0
33,0.59,0,0.14,0.33,30,16,A,1,0
34,0.62,0,0.15,0.33,30,16,A,1,0
35,0.58,0,0.14,0.33,30,16,A,1,0
36,0.61,0,0.15,0.33,30,16,A,1,0
37,0.59,0,0.14,0.33,30,16,A,1,0
38,0.58,0,0.17,0.36,29,16,A,1,0
39,0.59,0,0.18,0.4,29,16,A,1,0
40,0.59,0,0.15,0.34,30,16,A,1,0
41,0.57,0,0.15,0.35,30,16,A,1,0
42,0.59,0,0.14,0.33,30,16,A,1,0
43,0.59,0,0.16,0.36,30,16,A,1,0
44,0.59,0,0.15,0.34,30,16,A,1,0
45,0.58,0,0.16,0.35,30,16,A,1,0
46,0.61,0,0.14,0.33,30,16,A,1,0
47,0.59,0,0.15,0.34,30,16,A,1,0
48,0.57,0,0.15,0.35,30,16,A,1,0
49,0.59,0,0.16,0.36,30,16,A,1,0
50,0.57,0,0.15,0.34,30,16,A,1,0
10A,0.59,0,0.16,0.36,30,16,A,1,0
10B,0.62,0,0.15,0.33,30,16,A,1,0
10C,0.58,0,0.14,0.33,30,16,A,1,0
10D,0.57,0,0.15,0.35,30,16,A,1,0
10E,0.59,0,0.14,0.33,30,16,A,1,0
1,3.93,0.01,1.76,2.86,28,28,B,1,1
2,3.93,0.01,1.76,2.86,28,28,B,1,1
3,3.68,0.01,1.84,2.97,28,28,B,1,1
4,5.14,0.01,2.12,3.36,28,26,B,1,1
5,4.08,0.01,1.88,3.05,28,26,B,1,1
6,4.3,0.01,1.95,3.12,28,27,B,1,1
7,4.3,0.01,1.92,3.08,28,27,B,1,1
8,3.98,0.01,1.84,2.97,28,27,B,1,1
9,3.98,0.01,1.89,3.05,28,28,B,1,1
10,4.3,0.01,1.95,3.12,28,28,B,1,1
11,4.53,0.01,1.98,3.28,28,28,B,1,1
12,3.98,0.01,1.91,3.28,28,28,B,1,1
13,4.53,0.01,1.92,3.38,28,28,B,1,1
14,4.65,0.01,1.98,3.16,28,28,B,1,1
15,4.65,0.01,1.92,3.08,28,28,B,1,1
16,4.89,0.01,1.95,3.12,28,28,B,1,1
17,4.89,0.01,1.92,3.08,28,28,B,1,1
18,4.53,0.01,1.84,2.97,28,27,B,1,1
19,4.65,0.01,1.84,2.97,28,26,B,1,1
20,4.77,0.01,1.87,3.01,28,26,B,1,1
21,5.14,0.01,1.95,3.12,28,26,B,1,1
22,4.89,0.01,1.89,3.05,28,27,B,1,1
23,4.89,0.01,1.89,3.05,28,26,B,1,1
24,4.53,0.01,1.79,2.9,29,25,B,1,1
25,5.14,0.01,1.89,3.05,29,25,B,1,1
26,5.54,0.01,1.83,2.95,28,23,B,1,1
27,5.68,0.01,1.95,3.12,28,23,B,1,1
28,5.42,0.01,1.95,3.16,28,23,B,1,1
29,5.42,0.01,1.95,3.16,28,23,B,1,1
30,4.53,0.01,1.84,2.97,28,27,B,1,1
31,5.42,0.01,1.95,3.16,28,23,B,1,1
32,3.93,0.01,1.76,2.86,28,28,B,1,1
33,3.68,0.01,1.84,2.97,28,28,B,1,1
34,5.14,0.01,2.12,3.36,28,26,B,1,1
35,4.08,0.01,1.88,3.05,28,26,B,1,1
36,4.89,0.01,1.89,3.05,28,27,B,1,1
37,4.89,0.01,1.89,3.05,28,26,B,1,1
38,4.53,0.01,1.79,2.9,29,25,B,1,1
39,5.14,0.01,1.89,3.05,29,25,B,1,1
40,4.53,0.01,1.92,3.38,28,28,B,1,1
41,4.65,0.01,1.98,3.16,28,28,B,1,1
42,4.65,0.01,1.92,3.08,28,28,B,1,1
43,4.89,0.01,1.95,3.12,28,28,B,1,1
44,5.14,0.01,1.89,3.05,29,25,B,1,1
45,5.54,0.01,1.83,2.95,28,23,B,1,1
46,5.68,0.01,1.95,3.12,28,23,B,1,1
47,4.3,0.01,1.95,3.12,28,28,B,1,1
48,4.53,0.01,1.98,3.28,28,28,B,1,1
49,3.98,0.01,1.91,3.28,28,28,B,1,1
50,4.89,0.01,1.89,3.05,28,27,B,1,1
10A,5.82,0.01,1.91,3.08,28,23,B,1,1
10B,5.97,0.01,1.92,3.08,28,24,B,1,1
10C,5.97,0.01,1.92,3.08,28,24,B,1,1
10D,5.68,0.01,1.92,3.08,28,26,B,1,1
10E,5.82,0.01,1.91,3.08,28,23,B,1,1
1,10.69,0.01,2.83,4.31,30,16,C,1,2
2,7.41,0.01,2.28,3.57,30,16,C,1,2
3,7.41,0.01,2.25,3.53,30,16,C,1,2
4,16.73,0.01,3.62,5.37,30,16,C,1,2
5,15.97,0.01,3.58,5.34,30,16,C,1,2
6,16.11,0.01,3.6,5.35,30,16,C,1,2
7,7.23,0.01,2.21,3.48,30,16,C,1,2
8,10.23,0.01,2.72,4.17,30,16,C,1,2
9,10.23,0.01,2.76,4.21,30,16,C,1,2
10,8.92,0.01,2.61,4.02,30,16,C,1,2
11,14.82,0.01,3.69,5.42,30,16,C,1,2
12,17.9,0.01,3.94,5.73,30,16,C,1,2
13,15.8,0.01,3.64,5.36,30,16,C,1,2
14,13.4,0.01,3.59,5.41,30,16,C,1,2
15,15.8,0.01,3.81,5.58,30,16,C,1,2
16,16.82,0.01,3.64,5.36,30,16,C,1,2
17,15.75,0.01,3.53,5.47,30,16,C,1,2
18,14.84,0.01,3.69,5.47,30,16,C,1,2
19,13.9,0.01,3.2,4.79,30,16,C,1,2
20,8.52,0.01,2.58,3.97,30,16,C,1,2
21,10.69,0.01,2.65,4.07,30,16,C,1,2
22,9.13,0.01,2.36,3.68,30,16,C,1,2
23,8.33,0.01,2.28,3.57,30,16,C,1,2
24,9.34,0.01,2.34,3.66,30,16,C,1,2
25,10.69,0.01,2.54,3.93,30,16,C,1,2
26,9.77,0.01,2.44,3.79,30,16,C,1,2
27,13.9,0.01,2.89,4.39,30,16,C,1,2
28,9.13,0.01,2.34,3.66,30,16,C,1,2
29,8.14,0.01,2.14,3.38,30,16,C,1,2
30,8.92,0.01,2.25,3.53,30,16,C,1,2
31,10.69,0.01,2.54,3.93,30,16,C,1,2
32,9.77,0.01,2.44,3.79,30,16,C,1,2
33,14.82,0.01,3.69,5.42,30,16,C,1,2
34,10.23,0.01,2.76,4.21,30,16,C,1,2
35,8.92,0.01,2.61,4.02,30,16,C,1,2
36,8.14,0.01,2.14,3.38,30,16,C,1,2
37,8.92,0.01,2.25,3.53,30,16,C,1,2
38,15.8,0.01,3.64,5.36,30,16,C,1,2
39,13.4,0.01,3.59,5.41,30,16,C,1,2
40,8.33,0.01,2.28,3.57,30,16,C,1,2
41,9.34,0.01,2.34,3.66,30,16,C,1,2
42,13.9,0.01,3.2,4.79,30,16,C,1,2
43,15.8,0.01,3.81,5.58,30,16,C,1,2
44,16.82,0.01,3.64,5.36,30,16,C,1,2
45,15.75,0.01,3.53,5.47,30,16,C,1,2
46,8.14,0.01,2.14,3.38,30,16,C,1,2
47,9.77,0.01,2.44,3.79,30,16,C,1,2
48,10.69,0.01,2.54,3.93,30,16,C,1,2
49,14.82,0.01,3.69,5.42,30,16,C,1,2
50,8.14,0.01,2.14,3.38,30,16,C,1,2
10A,12.21,0.01,2.54,3.93,30,16,C,1,2
10B,13.9,0.01,2.8,4.26,30,16,C,1,2
10C,11.69,0.01,2.47,3.84,30,16,C,1,2
10D,13.4,0.01,3.59,5.41,30,16,C,1,2
10E,14.82,0.01,3.69,5.42,30,16,C,1,2
1,33.13,0.01,5.82,8.03,27,17,D,1,3
2,26.26,0.01,4.74,6.73,27,17,D,1,3
3,37.13,0.01,5.85,8.07,27,17,D,1,3
4,22.4,0.01,4.36,6.26,27,17,D,1,3
5,19.84,0.01,3.6,5.3,27,17,D,1,3
6,26.78,0.01,4.83,6.84,27,17,D,1,3
7,26.26,0.01,4.74,6.73,27,17,D,1,3
8,19.84,0.01,3.6,5.3,27,17,D,1,3
9,33.77,0.01,4.48,6.4,27,17,D,1,3
10,21.52,0.01,4.25,6.13,27,17,D,1,3
11,37.13,0.01,5.85,8.07,27,17,D,1,3
12,21.52,0.01,4.25,6.13,27,17,D,1,3
13,37.13,0.01,5.85,8.07,27,17,D,1,3
14,22.4,0.01,4.36,6.26,27,17,D,1,3
15,26.26,0.01,4.74,6.73,27,17,D,1,3
16,19.84,0.01,3.6,5.3,27,17,D,1,3
17,26.78,0.01,4.83,6.84,27,17,D,1,3
18,20.25,0.01,3.62,5.33,27,17,D,1,3
19,32.51,0.01,4.45,6.37,27,17,D,1,3
20,21.09,0.01,3.74,5.48,27,17,D,1,3
21,20.67,0.01,3.64,5.36,27,17,D,1,3
22,22.4,0.01,4.36,6.26,27,17,D,1,3
23,21.09,0.01,3.74,5.48,27,17,D,1,3
24,31.89,0.01,5.44,7.57,27,17,D,1,3
25,33.77,0.01,4.48,6.4,27,17,D,1,3
26,19.44,0.01,3.55,5.24,27,17,D,1,3
27,22.4,0.01,4.36,6.26,27,17,D,1,3
28,24.75,0.01,4.59,6.54,27,17,D,1,3
29,32.51,0.01,4.45,6.37,27,17,D,1,3
30,31.89,0.01,5.44,7.57,27,17,D,1,3
31,19.44,0.01,3.55,5.24,27,17,D,1,3
32,22.86,0.01,4.42,6.33,27,17,D,1,3
33,24.75,0.01,4.59,6.54,27,17,D,1,3
34,19.44,0.01,3.55,5.24,27,17,D,1,3
35,32.51,0.01,4.45,6.37,27,17,D,1,3
36,20.67,0.01,3.64,5.36,27,17,D,1,3
37,33.77,0.01,4.48,6.4,27,17,D,1,3
38,30.1,0.01,5.44,7.57,27,17,D,1,3
39,25.75,0.01,4.71,6.69,27,17,D,1,3
40,19.05,0.01,3.48,5.15,27,17,D,1,3
41,22.86,0.01,4.42,6.33,27,17,D,1,3
42,30.1,0.01,5.44,7.57,27,17,D,1,3
43,20.25,0.01,3.99,5.8,27,17,D,1,3
44,33.13,0.01,4.48,6.4,27,17,D,1,3
45,20.67,0.01,3.64,5.36,27,17,D,1,3
46,19.05,0.01,3.48,5.15,27,17,D,1,3
47,21.52,0.01,3.64,5.36,27,17,D,1,3
48,30.1,0.01,5.44,7.57,27,17,D,1,3
49,19.05,0.01,3.48,5.15,27,17,D,1,3
50,22.86,0.01,4.42,6.33,27,17,D,1,3
10A,31.89,0.01,5.44,7.57,27,17,D,1,3
10B,24.75,0.01,4.59,6.54,27,17,D,1,3
10C,33.13,0.01,5.82,8.03,27,17,D,1,3
10D,26.78,0.01,4.83,6.84,27,17,D,1,3
10E,25.75,0.01,4.71,6.69,27,17,D,1,3
1,28.96,0.01,3.99,5.8,29,16,F,0,4
2,24.75,0.01,3.57,5.27,29,16,F,0,4
3,43.9,0.01,5.05,7.1,29,16,F,0,4
4,21.52,0.01,3.75,5.45,29,16,F,0,4
5,22.86,0.01,3.89,5.67,29,16,F,0,4
6,25.25,0.01,4.04,5.86,29,16,F,0,4
7,27.31,0.01,4.25,6.13,29,16,F,0,4
8,33.18,0.01,4.77,6.76,29,16,F,0,4
9,31.89,0.01,4.65,6.62,29,16,F,0,4
10,23.32,0.01,3.84,5.61,29,16,F,0,4
11,22.86,0.01,3.69,5.42,29,16,F,0,4
12,31.89,0.01,4.74,6.73,29,16,F,0,4
13,27.85,0.01,4.35,6.47,29,16,F,0,4
14,28.4,0.01,4.5,6.44,29,16,F,0,4
15,23.79,0.01,4.34,6.23,29,16,F,0,4
16,24.27,0.01,4.36,6.26,29,16,F,0,4
17,34.42,0.01,5.01,7.06,29,16,F,0,4
18,28.96,0.01,4.95,6.99,29,16,F,0,4
19,26.26,0.01,5.27,7.37,29,16,F,0,4
20,25.75,0.01,5.21,7.29,29,16,F,0,4
21,26.26,0.01,5.24,7.33,29,16,F,0,4
22,23.79,0.01,5.01,7.06,29,16,F,0,4
23,27.9,0.01,4.36,6.26,29,16,F,0,4
24,27.18,0.01,4.25,6.13,29,16,F,0,4
25,26.82,0.01,4.23,6.09,29,16,F,0,4
26,28.28,0.01,4.45,6.37,29,16,F,0,4
27,28.66,0.01,4.42,6.33,29,16,F,0,4
28,29.44,0.01,4.53,6.47,29,16,F,0,4
29,29.84,0.01,4.62,6.58,29,16,F,0,4
30,30.25,0.01,4.65,6.62,29,16,F,0,4
31,26.26,0.01,4.77,6.76,29,16,F,0,4
32,25.75,0.01,4.62,6.58,29,16,F,0,4
33,24.75,0.01,4.65,6.62,29,16,F,0,4
34,23.79,0.01,4.65,6.62,29,16,F,0,4
35,25.25,0.01,4.95,6.99,29,16,F,0,4
36,27.85,0.01,5.27,7.37,29,16,F,0,4
37,31.89,0.01,5.61,7.78,29,16,F,0,4
38,37.83,0.01,6.04,8.29,29,16,F,0,4
39,35.08,0.01,6,8.25,29,16,F,0,4
40,35.75,0.01,6.04,8.29,29,16,F,0,4
41,30.69,0.01,5.08,7.14,29,16,F,0,4
42,30.1,0.01,5.01,7.06,29,16,F,0,4
43,24.75,0.01,4.53,6.47,29,16,F,0,4
44,24.75,0.01,4.59,6.54,29,16,F,0,4
45,30.28,0.01,4.15,5.99,29,16,F,0,4
46,30.25,0.01,4.12,5.96,29,16,F,0,4
47,24.75,0.01,3.94,5.73,29,16,F,0,4
48,23.79,0.01,3.91,5.7,29,16,F,0,4
49,31.92,0.01,5.38,7.26,29,16,F,0,4
50,23.79,0.01,3.91,5.7,29,16,F,0,4
10A,30.69,0.01,4.71,6.69,29,16,F,0,4
10B,29.52,0.01,4.36,6.26,29,16,F,0,4
10C,33.13,0.01,4.65,6.62,29,16,F,0,4
10D,29.52,0.01,4.59,6.54,29,16,F,0,4
10E,28.96,0.01,4.31,6.2,29,16,F,0,4
1,28.96,0.01,6.26,8.56,27,17,G,0,5
2,40.01,0.01,7.69,10.22,27,17,G,0,5
3,32.51,0.01,6.78,9.16,27,17,G,0,5
4,30.1,0.01,6.5,8.83,27,17,G,0,5
5,30.69,0.01,6.46,8.79,27,17,G,0,5
6,30.69,0.01,6.42,8.74,27,17,G,0,5
7,30.1,0.01,6.34,8.65,27,17,G,0,5
8,24.86,0.01,5.37,7.49,27,17,G,0,5
9,24.75,0.01,5.61,7.78,27,17,G,0,5
10,24.75,0.01,5.34,7.45,27,17,G,0,5
11,25.25,0.01,5.4,7.53,27,17,G,0,5
12,27.85,0.01,5.68,7.86,27,17,G,0,5
13,27.31,0.01,5.68,7.86,27,17,G,0,5
14,30.69,0.01,5.89,8.12,27,17,G,0,5
15,40.77,0.01,6.99,9.41,27,17,G,0,5
16,26.78,0.01,6.5,8.83,27,17,G,0,5
17,40.01,0.01,6.82,9.21,27,17,G,0,5
18,25.75,0.01,5.62,7.58,27,17,G,0,5
19,42.31,0.01,6.54,8.88,27,17,G,0,5
20,43.1,0.01,6.26,8.56,27,17,G,0,5
21,41.53,0.01,6.26,8.56,27,17,G,0,5
22,43.1,0.01,6.23,8.51,27,17,G,0,5
23,44.72,0.01,6.34,8.65,27,17,G,0,5
24,42.31,0.01,6.23,8.51,27,17,G,0,5
25,45.55,0.01,6.54,8.88,27,17,G,0,5
26,32.51,0.01,5.21,7.29,27,17,G,0,5
27,33.77,0.01,5.37,7.49,27,17,G,0,5
28,31.28,0.01,5.14,7.22,27,17,G,0,5
29,28.66,0.01,5.94,7.73,27,17,G,0,5
30,26.32,0.01,5.36,7.26,27,17,G,0,5
31,24.27,0.01,5.59,7.54,27,17,G,0,5
32,24.75,0.01,5.71,7.69,27,17,G,0,5
33,25.25,0.01,5.77,7.76,27,17,G,0,5
34,24.75,0.01,5.74,7.73,27,17,G,0,5
35,26.26,0.01,6.01,8.06,27,17,G,0,5
36,26.78,0.01,6.14,8.22,27,17,G,0,5
37,26.78,0.01,6.08,8.14,27,17,G,0,5
38,27.31,0.01,6.14,8.22,27,17,G,0,5
39,27.85,0.01,6.21,8.29,27,17,G,0,5
40,35.75,0.01,6.04,8.29,27,17,G,0,5
41,41.53,0.01,6.46,8.79,27,17,G,0,5
42,39.27,0.01,6.54,8.93,27,17,G,0,5
43,26.75,0.01,5.53,7.47,27,17,G,0,5
44,26.75,0.01,5.59,7.54,27,17,G,0,5
45,30.28,0.01,6.15,7.99,27,17,G,0,5
46,30.25,0.01,6.12,7.96,27,17,G,0,5
47,26.75,0.01,5.94,6.73,27,17,G,0,5
48,25.79,0.01,5.91,6.93,27,17,G,0,5
49,33.92,0.01,6.38,8.26,27,17,G,0,5
50,27.79,0.01,5.91,7.7,27,17,G,0,5
10A,40.77,0.01,6.26,8.56,27,17,G,0,5
10B,37.83,0.01,5.96,8.2,27,17,G,0,5
10C,41.53,0.01,6.34,8.65,27,17,G,0,5
10D,39.27,0.01,6.19,8.47,27,17,G,0,5
10E,36.43,0.01,6.23,8.51,27,17,G,0,5
1,38.96,0.01,6.36,8.66,32,16,H,0,6
2,50.01,0.01,7.99,10.27,32,16,H,0,6
3,42.51,0.01,6.88,9.26,32,16,H,0,6
4,56.64,0.01,6.5,8.83,32,16,H,0,6
5,49.01,0.01,5.82,8.03,32,16,H,0,6
6,43.9,0.01,5.61,7.78,32,16,H,0,6
7,50.1,0.01,6.44,8.75,32,16,H,0,6
8,44.72,0.01,5.47,7.61,32,16,H,0,6
9,46.4,0.01,5.68,7.86,32,16,H,0,6
10,42.31,0.01,5.47,7.61,32,16,H,0,6
11,43.1,0.01,5.54,7.7,32,16,H,0,6
12,45.55,0.01,5.68,7.86,32,16,H,0,6
13,45.55,0.01,5.68,7.86,32,16,H,0,6
14,50.83,0.01,6.11,8.38,32,16,H,0,6
15,50.77,0.01,7.1,9.71,32,16,H,0,6
16,36.78,0.01,6.6,8.93,32,16,H,0,6
17,50.01,0.01,7.05,9.31,32,16,H,0,6
18,43.1,0.01,5.54,7.7,32,16,H,0,6
19,52.31,0.01,6.64,8.98,32,16,H,0,6
20,53.1,0.01,6.36,8.76,32,16,H,0,6
21,51.53,0.01,6.36,8.76,32,16,H,0,6
22,53.1,0.01,6.23,8.61,32,16,H,0,6
23,56.64,0.01,6.5,8.83,32,16,H,0,6
24,57.66,0.01,6.5,8.83,32,16,H,0,6
25,55.55,0.01,6.64,8.98,32,16,H,0,6
26,37.83,0.01,5.14,7.22,32,16,H,0,6
27,43.9,0.01,5.54,7.7,32,16,H,0,6
28,37.13,0.01,5.11,7.18,32,16,H,0,6
29,47.25,0.01,5.78,7.99,32,16,H,0,6
30,36.32,0.01,5.36,7.4,32,16,H,0,6
31,34.27,0.01,5.69,7.59,32,16,H,0,6
32,34.75,0.01,5.75,7.7,32,16,H,0,6
33,35.25,0.01,5.79,7.83,32,16,H,0,6
34,36.43,0.01,5.01,7.06,32,16,H,0,6
35,49.01,0.01,5.96,8.2,32,16,H,0,6
36,52.7,0.01,6.26,8.56,32,16,H,0,6
37,53.66,0.01,6.26,8.56,32,16,H,0,6
38,51.76,0.01,6.19,8.47,32,16,H,0,6
39,51.76,0.01,6.19,8.47,32,16,H,0,6
40,52.7,0.01,6.26,8.56,32,16,H,0,6
41,51.53,0.01,6.56,8.89,32,16,H,0,6
42,49.27,0.01,6.64,8.97,32,16,H,0,6
43,36.75,0.01,5.62,7.49,32,16,H,0,6
44,36.75,0.01,5.64,7.59,32,16,H,0,6
45,40.28,0.01,6.26,7.83,32,16,H,0,6
46,48.13,0.01,5.82,8.03,32,16,H,0,6
47,37.13,0.01,5.08,7.14,32,16,H,0,6
48,37.83,0.01,5.08,7.14,32,16,H,0,6
49,49.91,0.01,6.04,8.29,32,16,H,0,6
50,48.13,0.01,5.82,8.03,32,16,H,0,6
10A,50.77,0.01,6.56,8.66,32,16,H,0,6
10B,51.76,0.01,6.19,8.47,32,16,H,0,6
10C,51.53,0.01,6.64,8.75,32,16,H,0,6
10D,49.27,0.01,6.49,8.57,32,16,H,0,6
10E,46.43,0.01,6.53,8.61,32,16,H,0,6
1,40.28,0.01,6.26,7.83,28,16,I,0,7
2,50.77,0.01,7.1,9.71,28,16,I,0,7
3,43.9,0.01,5.61,7.78,28,16,I,0,7
4,57.66,0.01,6.5,8.83,28,16,I,0,7
5,50.1,0.01,6.44,8.75,28,16,I,0,7
6,45.55,0.01,5.68,7.86,28,16,I,0,7
7,50.77,0.01,7.1,9.71,28,16,I,0,7
8,45.55,0.01,5.68,7.86,28,16,I,0,7
9,47.25,0.01,5.78,7.99,28,16,I,0,7
10,43.1,0.01,5.54,7.7,28,16,I,0,7
11,43.9,0.01,5.54,7.7,28,16,I,0,7
12,46.65,0.01,5.78,7.95,28,16,I,0,7
13,46.43,0.01,6.53,8.61,28,16,I,0,7
14,51.53,0.01,6.36,8.76,28,16,I,0,7
15,51.77,0.01,7.14,9.82,28,16,I,0,7
16,37.13,0.01,5.11,7.18,28,16,I,0,7
17,52.31,0.01,6.64,8.98,28,16,I,0,7
18,43.9,0.01,5.54,7.7,28,16,I,0,7
19,53.33,0.01,6.74,9.14,28,16,I,0,7
20,53.66,0.01,6.26,8.56,28,16,I,0,7
21,52.31,0.01,6.64,8.98,28,16,I,0,7
22,54.13,0.01,6.33,8.78,28,16,I,0,7
23,57.66,0.01,6.5,8.83,28,16,I,0,7
24,58.46,0.01,6.56,8.89,28,16,I,0,7
25,56.64,0.01,6.5,8.83,28,16,I,0,7
26,38.83,0.01,5.25,7.54,28,16,I,0,7
27,47.25,0.01,5.78,7.99,28,16,I,0,7
28,37.83,0.01,5.14,7.22,28,16,I,0,7
29,48.25,0.01,5.82,8.12,28,16,I,0,7
30,36.89,0.01,5.57,7.61,28,16,I,0,7
31,36.75,0.01,5.62,7.49,28,16,I,0,7
32,36.75,0.01,5.64,7.59,28,16,I,0,7
33,37.25,0.01,5.99,7.97,28,16,I,0,7
34,37.83,0.01,5.14,7.22,28,16,I,0,7
35,51.76,0.01,6.19,8.47,28,16,I,0,7
36,53.1,0.01,6.23,8.61,28,16,I,0,7
37,56.64,0.01,6.5,8.83,28,16,I,0,7
38,57.66,0.01,6.5,8.83,28,16,I,0,7
39,52.7,0.01,6.26,8.56,28,16,I,0,7
40,53.1,0.01,6.23,8.61,28,16,I,0,7
41,52.53,0.01,6.64,8.97,28,16,I,0,7
42,49.64,0.01,6.78,9.15,28,16,I,0,7
43,36.75,0.01,5.71,7.54,28,16,I,0,7
44,36.75,0.01,5.73,7.69,28,16,I,0,7
45,47.25,0.01,5.78,7.99,28,16,I,0,7
46,51.53,0.01,6.56,8.89,28,16,I,0,7
47,37.13,0.01,5.08,7.14,28,16,I,0,7
48,37.83,0.01,5.08,7.14,28,16,I,0,7
49,49.27,0.01,6.64,8.97,28,16,I,0,7
50,49.91,0.01,6.04,8.29,28,16,I,0,7
10A,51.53,0.01,6.56,8.89,28,16,I,0,7
10B,52.76,0.01,6.25,8.57,28,16,I,0,7
10C,52.73,0.01,6.79,8.96,28,16,I,0,7
10D,49.27,0.01,6.64,8.97,28,16,I,0,7
10E,51.53,0.01,6.56,8.89,28,16,I,0,7
1,43.61,0.01,6.03,8.28,30,17,J,0,8
2,51.77,0.01,7.14,9.82,30,17,J,0,8
3,47.25,0.01,5.78,7.99,30,17,J,0,8
4,57.86,0.01,6.57,8.97,30,17,J,0,8
5,50.77,0.01,7.1,9.71,30,17,J,0,8
6,46.65,0.01,5.78,7.95,30,17,J,0,8
7,51.77,0.01,7.14,9.82,30,17,J,0,8
8,46.43,0.01,6.53,8.61,30,17,J,0,8
9,50.77,0.01,7.1,9.71,30,17,J,0,8
10,43.61,0.01,6.11,8.37,30,17,J,0,8
11,43.9,0.01,5.61,7.78,30,17,J,0,8
12,52.31,0.01,6.64,8.98,30,17,J,0,8
13,49.64,0.01,6.78,9.15,30,17,J,0,8
14,52.31,0.01,6.64,8.98,30,17,J,0,8
15,51.97,0.01,7.27,9.89,30,17,J,0,8
16,37.83,0.01,5.14,7.22,30,17,J,0,8
17,53.33,0.01,6.74,9.14,30,17,J,0,8
18,46.62,0.01,6.29,8.6,30,17,J,0,8
19,53.42,0.01,6.81,9.23,30,17,J,0,8
20,57.53,0.01,6.35,8.66,30,17,J,0,8
21,53.33,0.01,6.74,9.14,30,17,J,0,8
22,56.64,0.01,6.5,8.83,30,17,J,0,8
23,60.49,0.01,7.88,10.44,30,17,J,0,8
24,62.52,0.01,7.78,10.33,30,17,J,0,8
25,56.84,0.01,6.59,8.86,30,17,J,0,8
26,51.53,0.01,6.56,8.89,30,17,J,0,8
27,50.1,0.01,6.44,8.75,30,17,J,0,8
28,45.55,0.01,5.68,7.86,30,17,J,0,8
29,51.53,0.01,6.36,8.76,30,17,J,0,8
30,37.25,0.01,5.99,7.97,30,17,J,0,8
31,37.33,0.01,6.59,8.95,30,17,J,0,8
32,37.33,0.01,6.55,8.85,30,17,J,0,8
33,52.7,0.01,6.26,8.56,30,17,J,0,8
34,38.83,0.01,5.25,7.54,30,17,J,0,8
35,55.62,0.01,6.35,8.66,30,17,J,0,8
36,54.13,0.01,6.33,8.78,30,17,J,0,8
37,57.66,0.01,6.5,8.83,30,17,J,0,8
38,57.86,0.01,6.56,8.91,30,17,J,0,8
39,53.1,0.01,6.23,8.61,30,17,J,0,8
40,57.53,0.01,6.43,8.75,30,17,J,0,8
41,52.31,0.01,6.64,8.98,30,17,J,0,8
42,49.75,0.01,6.85,9.23,30,17,J,0,8
43,43.9,0.01,5.54,7.7,30,17,J,0,8
44,45.55,0.01,5.68,7.86,30,17,J,0,8
45,48.25,0.01,5.82,8.12,30,17,J,0,8
46,56.64,0.01,6.5,8.83,30,17,J,0,8
47,47.25,0.01,5.78,7.99,30,17,J,0,8
48,47.25,0.01,5.78,7.99,30,17,J,0,8
49,52.53,0.01,6.64,8.97,30,17,J,0,8
50,55.62,0.01,6.26,8.56,30,17,J,0,8
10A,52.73,0.01,6.79,8.96,30,17,J,0,8
10B,59.5,0.01,6.43,8.75,30,17,J,0,8
10C,55.73,0.01,6.84,9.08,30,17,J,0,8
10D,49.64,0.01,6.78,9.15,30,17,J,0,8
10E,53.53,0.01,6.64,8.98,30,17,J,0,8
1,46.65,0.01,6.14,8.35,27,17,K,0,9
2,54.13,0.01,7.33,9.89,27,17,K,0,9
3,50.77,0.01,6.1,8.71,27,17,K,0,9
4,60.49,0.01,7.88,9.44,27,17,K,0,9
5,53.13,0.01,7.29,9.95,27,17,K,0,9
6,51.24,0.01,6.08,8.61,27,17,K,0,9
7,54.27,0.01,7.35,9.89,27,17,K,0,9
8,50.23,0.01,7.1,8.86,27,17,K,0,9
9,54.15,0.01,7.38,9.87,27,17,K,0,9
10,46.65,0.01,5.81,8.45,27,17,K,0,9
11,46.69,0.01,5.72,7.95,27,17,K,0,9
12,55.62,0.01,6.26,8.56,27,17,K,0,9
13,52.31,0.01,6.88,9.35,27,17,K,0,9
14,55.62,0.01,6.26,8.56,27,17,K,0,9
15,54.24,0.01,7.33,9.92,27,17,K,0,9
16,43.71,0.01,6.03,8.28,27,17,K,0,9
17,57.86,0.01,6.87,9.39,27,17,K,0,9
18,51.77,0.01,7.1,9.71,27,17,K,0,9
19,56.86,0.01,6.94,9.36,27,17,K,0,9
20,60.33,0.01,7.78,10.35,27,17,K,0,9
21,57.52,0.01,6.89,9.25,27,17,K,0,9
22,59.51,0.01,7.67,10.23,27,17,K,0,9
23,64.25,0.01,8.93,11.37,27,17,K,0,9
24,66.47,0.01,8.97,11.54,27,17,K,0,9
25,59.32,0.01,7.58,10.31,27,17,K,0,9
26,54.31,0.01,6.86,9.14,27,17,K,0,9
27,53.32,0.01,6.74,9.07,27,17,K,0,9
28,50.56,0.01,6.05,8.26,27,17,K,0,9
29,54.23,0.01,6.67,9.08,27,17,K,0,9
30,43.47,0.01,6.01,8.26,27,17,K,0,9
31,43.53,0.01,6.08,8.32,27,17,K,0,9
32,43.54,0.01,6.03,8.28,27,17,K,0,9
33,54.62,0.01,6.33,8.75,27,17,K,0,9
34,43.61,0.01,6.18,8.31,27,17,K,0,9
35,58.55,0.01,7.76,10.29,27,17,K,0,9
36,57.85,0.01,6.63,9.07,27,17,K,0,9
37,59.63,0.01,7.88,10.04,27,17,K,0,9
38,59.78,0.01,7.91,10.13,27,17,K,0,9
39,57.86,0.01,6.56,8.91,27,17,K,0,9
40,59.52,0.01,7.74,10.01,27,17,K,0,9
41,55.42,0.01,6.73,9.12,27,17,K,0,9
42,54.34,0.01,6.89,9.39,27,17,K,0,9
43,46.65,0.01,5.78,7.95,27,17,K,0,9
44,50.52,0.01,6.1,8.71,27,17,K,0,9
45,53.31,0.01,6.71,8.99,27,17,K,0,9
46,58.24,0.01,7.2,9.87,27,17,K,0,9
47,52.31,0.01,6.64,8.98,27,17,K,0,9
48,52.31,0.01,6.64,8.98,27,17,K,0,9
49,55.73,0.01,6.86,9.08,27,17,K,0,9
50,60.49,0.01,7.88,9.85,27,17,K,0,9
10A,55.78,0.01,6.97,9.21,27,17,K,0,9
10B,60.55,0.01,7.88,10.37,27,17,K,0,9
10C,59.49,0.01,7.88,10.32,27,17,K,0,9
10D,54.72,0.01,6.88,9.19,27,17,K,0,9
10E,57.76,0.01,6.97,9.26,27,17,K,0,9
1,50.54,0.01,7.15,9.1,30,16,L,0,10
2,57.82,0.01,7.92,10.33,30,16,L,0,10
3,54.45,0.01,7.18,9.22,30,16,L,0,10
4,63.54,0.01,8.83,10.48,30,16,L,0,10
5,56.02,0.01,8.53,10.96,30,16,L,0,10
6,54.21,0.01,7.37,9.57,30,16,L,0,10
7,56.65,0.01,7.66,10.34,30,16,L,0,10
8,53.76,0.01,8.06,9.96,30,16,L,0,10
9,56.27,0.01,8.11,10.69,30,16,L,0,10
10,50.6,0.01,6.92,9.29,30,16,L,0,10
11,48.71,0.01,6.54,8.87,30,16,L,0,10
12,59.02,0.01,6.76,9.11,30,16,L,0,10
13,55.85,0.01,7.93,10.4,30,16,L,0,10
14,59.55,0.01,7.38,9.64,30,16,L,0,10
15,58.09,0.01,7.73,10.69,30,16,L,0,10
16,46.93,0.01,6.63,8.77,30,16,L,0,10
17,61.49,0.01,7.4,10.36,30,16,L,0,10
18,55.47,0.01,7.87,10.56,30,16,L,0,10
19,60.74,0.01,8.17,10.39,30,16,L,0,10
20,63.41,0.01,8.58,10.93,30,16,L,0,10
21,60.26,0.01,7.8,9.93,30,16,L,0,10
22,63.13,0.01,8.84,11.12,30,16,L,0,10
23,67.28,0.01,9.25,11.96,30,16,L,0,10
24,68.89,0.01,10.24,12.52,30,16,L,0,10
25,61.45,0.01,8.52,11.4,30,16,L,0,10
26,57.22,0.01,7.34,9.85,30,16,L,0,10
27,56.66,0.01,7.2,9.88,30,16,L,0,10
28,53.82,0.01,7.21,8.74,30,16,L,0,10
29,56.32,0.01,7.33,9.95,30,16,L,0,10
30,45.51,0.01,7.11,8.66,30,16,L,0,10
31,46.51,0.01,6.7,9.38,30,16,L,0,10
32,45.59,0.01,6.88,8.89,30,16,L,0,10
33,58.46,0.01,7.21,9.47,30,16,L,0,10
34,46.21,0.01,6.82,8.93,30,16,L,0,10
35,61.09,0.01,8.45,11.29,30,16,L,0,10
36,61.77,0.01,7.41,9.86,30,16,L,0,10
37,63.45,0.01,8.95,10.82,30,16,L,0,10
38,62.87,0.01,9.11,11.07,30,16,L,0,10
39,61.32,0.01,7.01,9.81,30,16,L,0,10
40,62.51,0.01,8.71,10.74,30,16,L,0,10
41,58.59,0.01,7.45,9.59,30,16,L,0,10
42,57.27,0.01,8.04,10.46,30,16,L,0,10
43,49.43,0.01,6.25,8.38,30,16,L,0,10
44,54.43,0.01,7,9.37,30,16,L,0,10
45,55.92,0.01,7.09,9.69,30,16,L,0,10
46,60.39,0.01,7.78,10.33,30,16,L,0,10
47,54.9,0.01,7.77,9.81,30,16,L,0,10
48,55.42,0.01,7.18,9.78,30,16,L,0,10
49,57.76,0.01,7.86,9.71,30,16,L,0,10
50,64.24,0.01,8.74,10.73,30,16,L,0,10
10A,59.55,0.01,8,9.86,30,16,L,0,10
10B,63.05,0.01,9.16,11.13,30,16,L,0,10
10C,61.96,0.01,9.06,10.88,30,16,L,0,10
10D,57.97,0.01,7.8,10.05,30,16,L,0,10
10E,61.76,0.01,7.65,9.68,30,16,L,0,10
1,52.58,0.01,8.05,10.15,27,17,M,0,11
2,61.43,0.01,9.14,10.74,27,17,M,0,11
3,57.89,0.01,7.99,10.1,27,17,M,0,11
4,67.33,0.01,9.3,11.41,27,17,M,0,11
5,59.14,0.01,9.7,11.48,27,17,M,0,11
6,56.97,0.01,7.72,10.54,27,17,M,0,11
7,60.11,0.01,8.17,11.21,27,17,M,0,11
8,57.76,0.01,8.85,10.54,27,17,M,0,11
9,58.78,0.01,8.51,11.65,27,17,M,0,11
10,53.29,0.01,7.45,9.95,27,17,M,0,11
11,52.43,0.01,6.98,9.82,27,17,M,0,11
12,61.62,0.01,7.64,10.1,27,17,M,0,11
13,58.42,0.01,9.12,10.84,27,17,M,0,11
14,63.31,0.01,7.88,10.47,27,17,M,0,11
15,61.51,0.01,8.7,11.46,27,17,M,0,11
16,50.28,0.01,6.94,9.62,27,17,M,0,11
17,64.33,0.01,8.43,11.27,27,17,M,0,11
18,58.92,0.01,8.62,11.34,27,17,M,0,11
19,63.29,0.01,9.35,10.81,27,17,M,0,11
20,65.86,0.01,9.72,11.66,27,17,M,0,11
21,62.73,0.01,8.79,10.99,27,17,M,0,11
22,66.06,0.01,9.21,11.93,27,17,M,0,11
23,70.96,0.01,10.3,13,27,17,M,0,11
24,70.97,0.01,10.6,13.12,27,17,M,0,11
25,65.28,0.01,9.72,12.34,27,17,M,0,11
26,61.12,0.01,8.06,10.38,27,17,M,0,11
27,58.87,0.01,8.2,10.7,27,17,M,0,11
28,57.6,0.01,7.89,9.48,27,17,M,0,11
29,59.87,0.01,7.67,10.98,27,17,M,0,11
30,48.81,0.01,8.22,9.16,27,17,M,0,11
31,49.83,0.01,8,9.78,27,17,M,0,11
32,48.54,0.01,7.51,9.89,27,17,M,0,11
33,60.46,0.01,7.81,10.08,27,17,M,0,11
34,49.6,0.01,7.31,9.69,27,17,M,0,11
35,64.11,0.01,9.57,12.3,27,17,M,0,11
36,64.27,0.01,8.25,10.51,27,17,M,0,11
37,65.5,0.01,9.91,11.61,27,17,M,0,11
38,66.5,0.01,10.17,11.76,27,17,M,0,11
39,65.2,0.01,7.62,10.51,27,17,M,0,11
40,65.79,0.01,9.13,11.38,27,17,M,0,11
41,62.11,0.01,8.37,10.57,27,17,M,0,11
42,59.71,0.01,8.82,10.94,27,17,M,0,11
43,52.31,0.01,6.82,9.3,27,17,M,0,11
44,57.2,0.01,7.71,9.83,27,17,M,0,11
45,59.26,0.01,7.94,10.58,27,17,M,0,11
46,62.45,0.01,8.8,11.17,27,17,M,0,11
47,58.63,0.01,8.32,10.26,27,17,M,0,11
48,59.26,0.01,7.82,10.27,27,17,M,0,11
49,59.87,0.01,8.29,10.26,27,17,M,0,11
50,67.5,0.01,9.83,11.24,27,17,M,0,11
10A,61.91,0.01,9.24,10.45,27,17,M,0,11
10B,65.75,0.01,10.14,11.6,27,17,M,0,11
10C,64.74,0.01,9.44,11.68,27,17,M,0,11
10D,60.31,0.01,8.45,11.15,27,17,M,0,11
10E,64.65,0.01,8.93,10.43,27,17,M,0,11
1,55.06,0.01,8.73,11.03,30,17,N,0,12
2,64.93,0.01,10.33,11.69,30,17,N,0,12
3,60.99,0.01,8.83,11.03,30,17,N,0,12
4,70.11,0.01,9.76,11.95,30,17,N,0,12
5,62.22,0.01,10.75,11.88,30,17,N,0,12
6,59.11,0.01,8.2,11.14,30,17,N,0,12
7,64.05,0.01,9.16,12.05,30,17,N,0,12
8,60.52,0.01,9.56,11.21,30,17,N,0,12
9,62.4,0.01,9.38,12.63,30,17,N,0,12
10,56.18,0.01,8.37,10.82,30,17,N,0,12
11,56.24,0.01,8.16,10.29,30,17,N,0,12
12,64.69,0.01,8.03,11.04,30,17,N,0,12
13,61.55,0.01,9.74,11.7,30,17,N,0,12
14,66.87,0.01,8.25,11.11,30,17,N,0,12
15,65.41,0.01,9.39,12.51,30,17,N,0,12
16,52.82,0.01,7.36,10.38,30,17,N,0,12
17,66.34,0.01,9.64,12.3,30,17,N,0,12
18,61.84,0.01,9.84,12.24,30,17,N,0,12
19,65.33,0.01,10.01,11.42,30,17,N,0,12
20,69.75,0.01,10.45,12.32,30,17,N,0,12
21,66.14,0.01,9.1,12.07,30,17,N,0,12
22,69.64,0.01,10.51,12.84,30,17,N,0,12
23,73.56,0.01,11.54,13.68,30,17,N,0,12
24,73.5,0.01,11.56,13.82,30,17,N,0,12
25,68.02,0.01,10.72,12.87,30,17,N,0,12
26,64.1,0.01,8.85,11.44,30,17,N,0,12
27,62.46,0.01,8.97,11.48,30,17,N,0,12
28,61.02,0.01,8.53,10.13,30,17,N,0,12
29,62.55,0.01,8.75,11.83,30,17,N,0,12
30,51.17,0.01,8.57,10.2,30,17,N,0,12
31,53.76,0.01,8.53,10.75,30,17,N,0,12
32,51.65,0.01,8.03,10.61,30,17,N,0,12
33,63.42,0.01,8.59,10.54,30,17,N,0,12
34,53.58,0.01,8.24,10.68,30,17,N,0,12
35,66.57,0.01,10.83,12.79,30,17,N,0,12
36,66.61,0.01,9.27,11.34,30,17,N,0,12
37,68.52,0.01,10.86,12.09,30,17,N,0,12
38,69.07,0.01,11.21,12.45,30,17,N,0,12
39,67.63,0.01,8.65,10.92,30,17,N,0,12
40,68.96,0.01,10.01,12.27,30,17,N,0,12
41,65.65,0.01,8.91,11.66,30,17,N,0,12
42,63.62,0.01,9.31,11.67,30,17,N,0,12
43,54.58,0.01,7.62,10.26,30,17,N,0,12
44,59.93,0.01,8.81,10.42,30,17,N,0,12
45,62.27,0.01,9.09,11.13,30,17,N,0,12
46,66.14,0.01,9.12,11.62,30,17,N,0,12
47,60.81,0.01,8.89,11.28,30,17,N,0,12
48,61.56,0.01,8.25,10.9,30,17,N,0,12
49,63.38,0.01,9.41,11.26,30,17,N,0,12
50,70.85,0.01,10.81,11.74,30,17,N,0,12
10A,64.94,0.01,10.1,11.16,30,17,N,0,12
10B,68.24,0.01,10.99,12.42,30,17,N,0,12
10C,67.56,0.01,10.71,12.1,30,17,N,0,12
10D,63.71,0.01,8.79,11.71,30,17,N,0,12
10E,67.95,0.01,9.23,11.53,30,17,N,0,12
1,57.99,0.01,9.31,11.66,27,16,O,0,13
2,67.87,0.01,10.97,12.54,27,16,O,0,13
3,63.18,0.01,9.78,11.73,27,16,O,0,13
4,72.99,0.01,10.17,12.94,27,16,O,0,13
5,65.19,0.01,11.74,12.44,27,16,O,0,13
6,61.66,0.01,8.54,11.92,27,16,O,0,13
7,66.53,0.01,9.85,13.01,27,16,O,0,13
8,62.92,0.01,9.91,11.95,27,16,O,0,13
9,64.54,0.01,10.31,13.19,27,16,O,0,13
10,58.42,0.01,9.19,11.52,27,16,O,0,13
11,58.6,0.01,8.55,10.88,27,16,O,0,13
12,66.86,0.01,8.87,11.81,27,16,O,0,13
13,63.57,0.01,10.62,12.24,27,16,O,0,13
14,69.09,0.01,8.95,12.01,27,16,O,0,13
15,67.53,0.01,9.92,13.43,27,16,O,0,13
16,54.97,0.01,7.79,11,27,16,O,0,13
17,68.87,0.01,10.26,13.17,27,16,O,0,13
18,64.02,0.01,10.8,13.06,27,16,O,0,13
19,68.12,0.01,10.39,12.26,27,16,O,0,13
20,72.62,0.01,10.75,12.87,27,16,O,0,13
21,68.61,0.01,9.61,12.73,27,16,O,0,13
22,72.13,0.01,11.18,13.36,27,16,O,0,13
23,76.54,0.01,12.06,14.4,27,16,O,0,13
24,75.79,0.01,12.53,14.75,27,16,O,0,13
25,70.94,0.01,11.22,13.43,27,16,O,0,13
26,66.49,0.01,9.62,12.43,27,16,O,0,13
27,64.74,0.01,9.95,12.33,27,16,O,0,13
28,63.46,0.01,9.26,11.02,27,16,O,0,13
29,65.33,0.01,9.55,12.54,27,16,O,0,13
30,54.01,0.01,9.44,10.83,27,16,O,0,13
31,56.06,0.01,8.98,11.6,27,16,O,0,13
32,54.1,0.01,8.6,11.48,27,16,O,0,13
33,66.03,0.01,9.35,11.26,27,16,O,0,13
34,55.74,0.01,8.84,11.55,27,16,O,0,13
35,69.23,0.01,11.49,13.51,27,16,O,0,13
36,68.82,0.01,9.9,12.06,27,16,O,0,13
37,71.24,0.01,11.64,12.99,27,16,O,0,13
38,71.75,0.01,11.53,13.45,27,16,O,0,13
39,69.86,0.01,9.48,11.43,27,16,O,0,13
40,70.96,0.01,10.48,12.97,27,16,O,0,13
41,68.42,0.01,9.33,12.59,27,16,O,0,13
42,65.75,0.01,10.16,12.56,27,16,O,0,13
43,56.83,0.01,8.52,11.24,27,16,O,0,13
44,62.3,0.01,9.62,11.41,27,16,O,0,13
45,64.89,0.01,9.65,12.12,27,16,O,0,13
46,68.25,0.01,9.52,12.6,27,16,O,0,13
47,63.23,0.01,9.22,11.8,27,16,O,0,13
48,63.76,0.01,9.25,11.84,27,16,O,0,13
49,65.84,0.01,10.06,12.13,27,16,O,0,13
50,73.18,0.01,11.42,12.29,27,16,O,0,13
10A,67.58,0.01,10.59,11.98,27,16,O,0,13
10B,71,0.01,11.35,13.13,27,16,O,0,13
10C,69.82,0.01,11.25,12.96,27,16,O,0,13
10D,65.75,0.01,9.73,12.21,27,16,O,0,13
10E,70.3,0.01,9.94,12.27,27,16,O,0,13
